PLAYER_ID,PLAYER_AGE,GP,PPG,APG,RPG,SPG,TOV,PPG_TREND,RPG_TREND,APG_TREND,MPG_TREND,AVG_GAMES_MISSED
1630173,24.0,25,7.72,1.76,5.44,0.64,29.0,-0.5929020056970495,-0.0527599168554475,-0.1017832095647621,-1.0153634004282963,25.833333333333332
1630173,24.0,49,7.591836734693878,1.0816326530612246,7.163265306122449,0.6122448979591837,54.0,-0.5929020056970495,-0.0527599168554475,-0.1017832095647621,-1.0153634004282963,25.833333333333332
1630173,24.0,74,7.635135135135135,1.3108108108108107,6.581081081081081,0.6216216216216216,83.0,-0.5929020056970495,-0.0527599168554475,-0.1017832095647621,-1.0153634004282963,25.833333333333332
1628389,26.0,71,19.253521126760564,3.915492957746479,10.380281690140846,1.1408450704225352,162.0,-0.7128298406651715,-0.2094724412101273,-0.0772077390372468,-1.224257627876681,12.142857142857142
1630534,24.0,51,5.372549019607843,0.9215686274509804,2.4705882352941178,0.5294117647058824,34.0,-0.6222525720615273,-0.1440900303818312,-0.1602932761078827,-1.2562824302316704,28.25
1630534,24.0,27,6.703703703703703,1.3333333333333333,3.3333333333333335,0.7407407407407407,30.0,-0.6222525720615273,-0.1440900303818312,-0.1602932761078827,-1.2562824302316704,28.25
1630534,24.0,78,5.833333333333333,1.064102564102564,2.769230769230769,0.6025641025641025,64.0,-0.6222525720615273,-0.1440900303818312,-0.1602932761078827,-1.2562824302316704,28.25
1630583,23.0,61,10.721311475409836,2.262295081967213,5.770491803278689,0.7049180327868853,69.0,-0.665035205810773,-0.138205354404831,-0.1720078191215567,-1.5587425061953912,25.333333333333332
1629638,25.0,82,7.987804878048781,2.4878048780487805,2.0365853658536586,0.7804878048780488,76.0,-0.2283122275982431,-0.0319418835233305,-0.0888955904727287,-0.2940272384083526,35.0
1628960,28.0,75,13.52,3.026666666666667,3.933333333333333,0.92,95.0,-0.518773259250544,-0.1401653224757373,-0.0142822656218252,-0.2341404321479274,25.5
1628386,26.0,77,16.506493506493506,2.727272727272727,10.532467532467532,0.6883116883116883,121.0,-0.252183483506158,-0.2522816411624551,-0.0124056176381757,-0.6729945845498172,21.0
1641851,24.0,5,2.6,1.0,3.4,0.8,2.0,-0.1964285714285714,-0.4285714285714285,-0.1249999999999999,-0.0773809523809522,77.0
1630631,26.0,56,7.089285714285714,2.0892857142857144,2.2857142857142856,1.0535714285714286,40.0,,,,,25.0
203937,30.0,79,6.405063291139241,4.189873417721519,3.4556962025316458,0.8987341772151899,91.0,,,,,16.7
203507,29.0,73,30.438356164383563,6.52054794520548,11.52054794520548,1.1917808219178083,250.0,0.0,0.0,0.0,0.0,10.0
203648,31.0,34,0.9411764705882352,0.5,0.3823529411764705,0.2058823529411764,14.0,,,,,49.0
1630175,24.0,81,11.567901234567902,2.9135802469135803,3.8395061728395063,0.7901234567901234,126.0,-1.029607776124804,-0.5793494431265328,-0.1295132885690161,-2.2879156447267897,18.75
1628384,26.0,27,15.11111111111111,2.6666666666666665,3.925925925925926,1.037037037037037,43.0,,,,,30.0
1628384,26.0,23,14.130434782608695,1.5217391304347827,4.434782608695652,1.7391304347826086,38.0,,,,,30.0
1628384,26.0,50,14.66,2.14,4.16,1.36,81.0,,,,,30.0
1627853,30.0,20,0.0,0.2,0.4,0.1,2.0,,,,,51.22222222222222
1630166,23.0,75,14.693333333333332,3.8133333333333335,7.2,0.8,160.0,-1.1694134011929989,-0.6509714596646835,-0.1330414113064894,-2.470676278300999,10.25
1629028,25.0,55,16.727272727272727,1.6363636363636365,11.072727272727272,1.018181818181818,99.0,,,,,22.333333333333332
1628962,24.0,16,2.1875,0.1875,2.0,0.0625,4.0,,,,,61.0
1630641,21.0,22,1.5454545454545454,0.5909090909090909,2.3181818181818183,0.1363636363636363,15.0,,,,,60.0
1628963,25.0,26,10.192307692307692,1.0384615384615383,4.538461538461538,0.1923076923076923,29.0,,,,,46.4
1628963,25.0,24,13.25,1.1666666666666667,8.083333333333334,0.625,30.0,,,,,46.4
1628963,25.0,50,11.66,1.1,6.24,0.4,59.0,,,,,46.4
1641735,20.0,10,2.3,0.7,0.9,0.3,4.0,,,,,72.0
1631116,21.0,38,4.421052631578948,0.7631578947368421,3.236842105263158,0.4736842105263157,19.0,,,,,47.5
1630163,22.0,22,23.90909090909091,8.0,5.136363636363637,1.818181818181818,83.0,,,,,36.0
1628964,26.0,57,4.43859649122807,0.7192982456140351,4.175438596491228,0.3859649122807017,39.0,,,,,34.375
1631094,21.0,80,22.55,5.3875,6.925,0.8875,247.0,,,,,6.0
1630217,26.0,42,23.738095238095237,5.476190476190476,4.404761904761905,1.0238095238095235,112.0,,,,,21.0
1630625,24.0,24,2.3333333333333335,0.7916666666666666,1.4583333333333333,0.2083333333333333,10.0,,,,,41.4
1630625,24.0,30,16.7,3.6,4.766666666666667,0.9333333333333332,67.0,,,,,41.4
1630625,24.0,54,10.314814814814817,2.3518518518518516,3.2962962962962963,0.6111111111111112,77.0,,,,,41.4
1631230,21.0,33,4.363636363636363,1.0909090909090908,3.4242424242424243,0.3636363636363636,9.0,-0.066792341212661,-0.2177865063829648,0.1436247821706383,-0.0740502471735048,51.5
203084,32.0,82,12.195121951219512,1.2073170731707317,3.0365853658536586,0.6585365853658537,58.0,0.2045902166815966,0.0100992016958261,0.0527165781739649,0.1284602590963024,11.428571428571429
1630567,22.0,60,19.85,6.05,8.233333333333333,1.25,165.0,-0.2641014946140767,-0.2607219146711954,-0.032679560859994,-1.0216444689872874,11.666666666666666
1629628,24.0,26,18.23076923076923,2.423076923076923,4.269230769230769,0.4615384615384615,47.0,1.7947368421052623,1.064912280701754,0.2391812865497075,6.175438596491226,26.714285714285715
1629628,24.0,32,21.75,4.0625,6.375,0.59375,79.0,1.7947368421052623,1.064912280701754,0.2391812865497075,6.175438596491226,26.714285714285715
1629628,24.0,58,20.17241379310345,3.3275862068965516,5.431034482758621,0.5344827586206896,126.0,1.7947368421052623,1.064912280701754,0.2391812865497075,6.175438596491226,26.714285714285715
1629646,23.0,19,3.3157894736842106,1.105263157894737,4.0,0.4210526315789473,15.0,0.0,0.0,0.0,0.0,56.333333333333336
1641734,20.0,15,2.7333333333333334,0.6666666666666666,0.9333333333333332,0.0666666666666666,8.0,,,,,67.0
1628966,28.0,39,4.461538461538462,0.8717948717948718,2.58974358974359,0.5641025641025641,13.0,,,,,44.0
1628966,28.0,14,1.6428571428571428,0.2857142857142857,0.6428571428571429,0.2142857142857142,2.0,,,,,44.0
1628966,28.0,53,3.716981132075471,0.7169811320754716,2.0754716981132075,0.4716981132075472,15.0,,,,,44.0
201587,35.0,3,2.6666666666666665,1.6666666666666667,2.3333333333333335,1.0,1.0,-0.0853652553641693,-0.1354140382202512,-0.0417056445957845,-0.6710995497236216,20.166666666666668
201587,35.0,57,5.473684210526316,2.1578947368421053,4.228070175438597,0.7894736842105263,39.0,-0.0853652553641693,-0.1354140382202512,-0.0417056445957845,-0.6710995497236216,20.166666666666668
201587,35.0,60,5.333333333333333,2.1333333333333333,4.133333333333334,0.8,40.0,-0.0853652553641693,-0.1354140382202512,-0.0417056445957845,-0.6710995497236216,20.166666666666668
1629647,24.0,3,0.0,0.6666666666666666,0.3333333333333333,0.0,1.0,-0.4630423280423281,-0.1353571428571428,-0.0450396825396825,-1.3298809523809525,49.888888888888886
1629647,24.0,6,8.0,0.8333333333333334,4.5,1.0,7.0,-0.4630423280423281,-0.1353571428571428,-0.0450396825396825,-1.3298809523809525,49.888888888888886
1629647,24.0,9,5.333333333333333,0.7777777777777778,3.111111111111111,0.6666666666666666,8.0,-0.4630423280423281,-0.1353571428571428,-0.0450396825396825,-1.3298809523809525,49.888888888888886
203078,31.0,53,18.18867924528302,5.0,4.377358490566038,0.981132075471698,131.0,0.0,0.0,0.0,0.0,19.666666666666668
1627736,27.0,79,11.253164556962023,1.3670886075949369,3.670886075949367,0.7468354430379747,54.0,-1.1324039801639685,-0.4722913110077232,-0.1355809280422739,-1.5776065270201327,29.333333333333332
1630699,23.0,48,4.395833333333333,0.6458333333333334,2.0625,0.2708333333333333,27.0,-0.522949850671976,-0.1487290148875514,0.0035340965654554,-0.6947268541562966,32.0
1631262,24.0,19,3.8947368421052633,0.8421052631578947,1.368421052631579,0.1578947368421052,8.0,,,,,63.0
202722,31.0,15,2.933333333333333,0.6,0.6666666666666666,0.2,1.0,,,,,34.166666666666664
202722,31.0,28,8.785714285714286,0.9285714285714286,1.8214285714285712,0.8214285714285714,17.0,,,,,34.166666666666664
202722,31.0,43,6.744186046511628,0.813953488372093,1.4186046511627908,0.6046511627906976,18.0,,,,,34.166666666666664
201976,35.0,47,6.25531914893617,3.0638297872340425,3.0851063829787235,0.5106382978723404,49.0,,,,,31.625
201976,35.0,26,6.038461538461538,2.6153846153846154,3.6153846153846154,0.7307692307692307,16.0,,,,,31.625
201976,35.0,73,6.178082191780822,2.904109589041096,3.2739726027397262,0.589041095890411,65.0,,,,,31.625
1630180,25.0,63,13.698412698412698,1.4603174603174602,6.523809523809524,0.8095238095238095,54.0,,,,,20.5
1629048,24.0,62,5.016129032258065,1.2741935483870968,4.612903225806452,0.5161290322580645,44.0,,,,,41.0
1641931,25.0,23,3.4782608695652173,0.5652173913043478,1.391304347826087,0.1304347826086956,10.0,,,,,59.0
202687,31.0,30,5.2,1.7,6.366666666666666,0.3333333333333333,38.0,1.0476190476190472,0.1785714285714285,0.4523809523809521,1.4166666666666656,23.4
202687,31.0,10,1.8,0.2,1.8,0.1,4.0,1.0476190476190472,0.1785714285714285,0.4523809523809521,1.4166666666666656,23.4
202687,31.0,40,4.35,1.325,5.225,0.275,42.0,1.0476190476190472,0.1785714285714285,0.4523809523809521,1.4166666666666656,23.4
1641710,20.0,69,4.579710144927536,1.318840579710145,2.0144927536231885,0.5072463768115942,56.0,1.3636363636363629,0.1969696969696969,-0.0757575757575757,2.2575757575757565,13.0
1641778,25.0,26,2.6538461538461537,0.9230769230769232,1.8461538461538465,0.3076923076923077,6.0,,,,,56.0
1631205,24.0,10,3.4,0.3,1.0,0.0,0.0,0.0621900388653183,-0.1933079587312281,-0.0058201044685164,-0.3175330900705037,72.0
203992,31.0,79,16.873417721518987,3.1265822784810124,3.4430379746835444,1.2151898734177216,112.0,-0.4849595223191295,-0.1518074179086946,-0.0245749641928682,-0.6409744955444475,17.857142857142858
202711,35.0,28,20.178571428571427,2.5357142857142856,3.357142857142857,0.8214285714285714,63.0,-0.0601920322859911,0.0278516542579684,0.0455850975651276,0.0009950236030356,20.785714285714285
202711,35.0,29,10.448275862068966,0.896551724137931,2.0,0.2413793103448276,38.0,-0.0601920322859911,0.0278516542579684,0.0455850975651276,0.0009950236030356,20.785714285714285
202711,35.0,57,15.228070175438596,1.7017543859649122,2.6666666666666665,0.5263157894736842,101.0,-0.0601920322859911,0.0278516542579684,0.0455850975651276,0.0009950236030356,20.785714285714285
1629626,24.0,43,5.186046511627907,0.3953488372093023,3.186046511627907,0.2325581395348837,19.0,0.0,0.0,0.0,0.0,48.8
1629716,26.0,2,0.0,0.0,1.0,0.0,0.0,0.0,0.0,0.0,0.0,76.2
1629716,26.0,9,4.111111111111111,0.4444444444444444,3.5555555555555554,0.3333333333333333,3.0,0.0,0.0,0.0,0.0,76.2
1629716,26.0,11,3.363636363636364,0.3636363636363636,3.090909090909091,0.2727272727272727,3.0,0.0,0.0,0.0,0.0,76.2
1626164,27.0,68,27.073529411764707,6.9411764705882355,4.529411764705882,0.8970588235294118,178.0,,,,,15.555555555555555
1630527,22.0,32,5.21875,0.40625,1.625,0.34375,24.0,,,,,47.0
1628449,31.0,50,6.44,0.46,4.14,0.28,28.0,,,,,31.0
1630547,23.0,14,3.5714285714285716,0.4285714285714285,0.6428571428571429,0.0714285714285714,2.0,0.0,0.0,0.0,0.0,55.666666666666664
1631123,25.0,6,1.6666666666666667,1.3333333333333333,1.6666666666666667,0.0,8.0,,,,,77.33333333333333
1631123,25.0,3,3.6666666666666665,1.0,3.0,0.3333333333333333,1.0,,,,,77.33333333333333
1631123,25.0,9,2.3333333333333335,1.2222222222222223,2.111111111111111,0.1111111111111111,9.0,,,,,77.33333333333333
1631103,21.0,75,9.2,2.08,1.9733333333333336,0.36,91.0,,,,,11.5
1631128,23.0,82,7.317073170731708,1.6097560975609757,3.731707317073171,0.5121951219512195,55.0,,,,,3.0
1628969,27.0,82,19.585365853658537,3.6463414634146343,4.536585365853658,0.9878048780487804,164.0,,,,,12.375
1628970,26.0,69,21.0,3.347826086956522,7.318840579710145,0.9420289855072465,138.0,,,,,10.0
1629052,26.0,55,3.6545454545454543,0.8,2.909090909090909,0.3454545454545454,20.0,,,,,36.6
1631167,24.0,1,4.0,0.0,2.0,0.0,0.0,,,,,81.0
1627763,31.0,39,15.717948717948715,5.487179487179487,3.7948717948717943,0.6923076923076923,60.0,,,,,27.125
1629717,26.0,10,4.2,0.5,1.8,0.1,3.0,,,,,54.4
1628415,28.0,72,12.708333333333334,1.6527777777777777,3.4166666666666665,0.8888888888888888,88.0,,,,,22.428571428571427
1628971,27.0,33,12.06060606060606,3.0303030303030303,4.666666666666667,1.0606060606060606,41.0,,,,,21.625
1628971,27.0,34,9.647058823529411,2.7058823529411766,3.823529411764706,0.7058823529411765,45.0,,,,,21.625
1628971,27.0,67,10.835820895522389,2.8656716417910446,4.2388059701492535,0.8805970149253731,86.0,,,,,21.625
1627759,27.0,70,23.0,3.557142857142857,5.5285714285714285,1.1857142857142855,166.0,,,,,14.5
1631112,21.0,15,1.4,0.3333333333333333,0.3333333333333333,0.0,2.0,,,,,71.5
1641738,24.0,44,2.022727272727273,0.5681818181818182,1.4090909090909092,0.2727272727272727,9.0,,,,,38.0
1629650,24.0,22,3.409090909090909,0.3181818181818182,3.909090909090909,0.2272727272727272,11.0,,,,,56.888888888888886
1630535,22.0,6,2.5,0.6666666666666666,1.5,0.0,4.0,,,,,58.666666666666664
1629718,27.0,8,0.75,0.0,0.25,0.0,2.0,,,,,70.16666666666667
1628972,24.0,37,4.162162162162162,0.945945945945946,1.945945945945946,0.2162162162162162,18.0,,,,,37.1
1628972,24.0,22,4.2272727272727275,1.1363636363636365,3.272727272727273,0.7272727272727273,12.0,,,,,37.1
1628972,24.0,59,4.186440677966102,1.0169491525423728,2.440677966101695,0.4067796610169492,30.0,,,,,37.1
1628973,27.0,77,28.727272727272727,6.740259740259741,3.6103896103896105,0.9090909090909092,186.0,,,,,11.666666666666666
1628418,26.0,38,5.7105263157894735,0.6052631578947368,3.710526315789474,0.2631578947368421,21.0,,,,,45.77777777777778
1641723,20.0,17,4.764705882352941,1.588235294117647,1.9411764705882353,0.4117647058823529,10.0,,,,,65.0
203493,33.0,44,2.1818181818181817,0.3409090909090909,1.6590909090909092,0.2727272727272727,10.0,,,,,38.333333333333336
202692,32.0,43,12.55813953488372,1.5813953488372092,2.558139534883721,0.4883720930232558,32.0,,,,,35.1
202692,32.0,23,6.478260869565218,0.8695652173913043,1.7391304347826086,0.3043478260869565,16.0,,,,,35.1
202692,32.0,66,10.43939393939394,1.3333333333333333,2.272727272727273,0.4242424242424242,48.0,,,,,35.1
1630215,23.0,40,6.275,3.15,1.45,0.725,50.0,,,,,52.666666666666664
202710,34.0,60,20.766666666666666,4.966666666666667,5.3,1.3166666666666669,102.0,,,,,23.4
1631288,25.0,26,3.730769230769231,0.3846153846153846,1.4230769230769231,0.3846153846153846,8.0,,,,,60.0
203484,31.0,76,10.078947368421051,2.4078947368421053,2.4078947368421053,1.2894736842105263,75.0,,,,,6.090909090909091
1641739,24.0,70,7.5285714285714285,1.2428571428571429,4.9,0.9428571428571428,84.0,,,,,12.0
203991,30.0,73,11.452054794520548,1.2465753424657535,10.63013698630137,0.589041095890411,74.0,,,,,21.1
1628975,28.0,72,4.958333333333333,1.3055555555555556,0.8333333333333334,0.5138888888888888,36.0,,,,,26.75
1628976,25.0,55,10.963636363636365,1.7272727272727273,6.927272727272728,0.6363636363636364,68.0,,,,,35.875
1630618,23.0,4,2.75,0.75,1.0,0.25,1.0,,,,,78.0
1627936,30.0,71,10.070422535211268,3.4788732394366195,3.845070422535211,1.6901408450704225,102.0,,,,,30.142857142857142
1630658,24.0,16,1.5,0.1875,0.75,0.125,3.0,,,,,66.0
1630608,22.0,1,0.0,0.0,0.0,0.0,0.0,,,,,81.0
1630577,23.0,74,6.8108108108108105,1.391891891891892,2.783783783783784,0.6486486486486487,57.0,,,,,55.0
1630551,23.0,15,5.933333333333334,1.2666666666666666,3.533333333333333,0.6666666666666666,10.0,,,,,69.8
1631108,21.0,67,4.2388059701492535,0.8955223880597015,2.1194029850746268,0.2985074626865671,35.0,,,,,28.0
1631321,20.0,12,3.75,0.8333333333333334,1.8333333333333333,0.5833333333333334,3.0,,,,,70.0
1629634,27.0,6,11.333333333333334,1.5,5.333333333333333,0.8333333333333334,3.0,,,,,33.4
203903,32.0,55,17.12727272727273,5.036363636363636,3.418181818181818,0.6363636363636364,146.0,,,,,20.0
1629651,25.0,71,11.845070422535212,2.0704225352112675,9.943661971830986,0.647887323943662,93.0,,,,,33.8
1641730,19.0,23,5.782608695652174,0.782608695652174,3.5217391304347827,0.3478260869565217,15.0,,,,,59.0
1629599,27.0,70,6.614285714285714,1.0857142857142856,2.1142857142857143,0.5857142857142857,33.0,,,,,31.8
1628381,26.0,68,15.102941176470589,1.1323529411764706,8.455882352941176,0.5882352941176471,98.0,,,,,20.285714285714285
1628380,26.0,69,11.246376811594205,2.8115942028985508,5.36231884057971,0.4927536231884058,132.0,,,,,29.666666666666668
201144,36.0,76,11.43421052631579,5.907894736842105,2.8684210526315788,1.1578947368421053,102.0,,,,,20.526315789473685
1626192,31.0,76,5.631578947368421,2.1184210526315788,3.1447368421052633,0.5263157894736842,49.0,,,,,20.444444444444443
1641731,19.0,63,8.444444444444445,1.746031746031746,4.063492063492063,0.9047619047619048,87.0,,,,,19.0
1641741,22.0,32,5.40625,0.5,1.4375,0.25,5.0,,,,,50.0
203496,33.0,3,3.0,2.3333333333333335,2.6666666666666665,2.0,0.0,,,,,38.89473684210526
203496,33.0,26,4.538461538461538,0.6538461538461539,3.423076923076923,1.2692307692307692,11.0,,,,,38.89473684210526
203496,33.0,29,4.379310344827586,0.8275862068965517,3.3448275862068964,1.3448275862068966,11.0,,,,,38.89473684210526
1628470,33.0,53,5.716981132075472,1.0943396226415094,4.09433962264151,0.5660377358490566,32.0,,,,,31.09090909090909
203109,33.0,50,6.24,1.32,3.22,0.76,23.0,,,,,24.77777777777778
1630622,24.0,1,0.0,0.0,0.0,0.0,0.0,,,,,81.0
1630595,22.0,62,22.661290322580644,7.483870967741935,4.32258064516129,0.9032258064516128,212.0,,,,,36.0
203552,33.0,36,4.277777777777778,0.8333333333333334,1.4444444444444444,0.4722222222222222,16.0,,,,,45.0
203552,33.0,8,9.0,1.75,2.0,0.625,5.0,,,,,45.0
203552,33.0,44,5.136363636363637,1.0,1.5454545454545454,0.5,21.0,,,,,45.0
201939,36.0,74,26.43243243243243,5.121621621621622,4.45945945945946,0.7297297297297297,210.0,,,,,18.266666666666666
1630700,21.0,61,5.80327868852459,2.6885245901639343,3.8688524590163937,1.3934426229508197,59.0,,,,,22.0
203076,31.0,76,24.68421052631579,3.5,12.644736842105264,1.1973684210526316,159.0,,,,,20.666666666666668
1631098,22.0,50,3.04,0.64,1.44,0.36,13.0,,,,,43.0
1631120,21.0,8,2.0,1.25,1.25,0.125,2.0,,,,,72.0
201942,34.0,79,24.0126582278481,5.329113924050633,4.30379746835443,1.139240506329114,135.0,,,,,8.0
1641926,25.0,4,5.5,1.0,2.25,0.0,3.0,,,,,78.0
1628978,27.0,81,15.54320987654321,2.6666666666666665,3.6666666666666665,1.3209876543209875,113.0,,,,,32.5
1631217,22.0,11,2.636363636363636,0.3636363636363636,2.1818181818181817,0.4545454545454545,2.0,,,,,65.5
1629603,27.0,3,4.0,0.6666666666666666,1.0,0.0,0.0,,,,,71.83333333333333
1629603,27.0,3,0.0,0.0,0.3333333333333333,0.3333333333333333,1.0,,,,,71.83333333333333
1629603,27.0,6,2.0,0.3333333333333333,0.6666666666666666,0.1666666666666666,1.0,,,,,71.83333333333333
1628977,25.0,2,1.0,0.5,1.0,1.0,1.0,,,,,42.375
1641711,20.0,60,8.5,1.1333333333333333,2.2,0.5666666666666667,50.0,,,,,22.0
1631172,21.0,33,4.03030303030303,1.121212121212121,1.5454545454545454,0.2424242424242424,19.0,,,,,46.0
203915,31.0,48,12.583333333333334,6.0,3.2916666666666665,0.7916666666666666,62.0,,,,,34.25
203915,31.0,28,6.821428571428571,2.4285714285714284,1.6785714285714286,0.4642857142857143,29.0,,,,,34.25
203915,31.0,76,10.460526315789474,4.684210526315789,2.6973684210526314,0.6710526315789473,91.0,,,,,34.25
1629029,25.0,70,33.857142857142854,9.8,9.242857142857142,1.4142857142857144,282.0,,,,,15.333333333333334
1629652,25.0,79,10.886075949367088,1.4303797468354431,3.5949367088607596,0.9113924050632912,74.0,,,,,23.6
1630245,24.0,76,12.157894736842104,3.1842105263157894,2.8421052631578947,0.8947368421052632,103.0,,,,,4.333333333333333
1630288,27.0,12,4.333333333333333,2.25,1.6666666666666667,0.5833333333333334,5.0,,,,,72.83333333333333
1630929,24.0,4,2.75,1.0,1.0,0.5,2.0,,,,,78.0
203083,30.0,79,8.39240506329114,0.4683544303797468,8.962025316455696,0.9240506329113924,81.0,,,,,24.22222222222222
1630537,27.0,59,3.8983050847457625,0.7457627118644068,1.7966101694915255,0.4745762711864407,26.0,,,,,28.666666666666668
1630561,24.0,4,6.5,1.25,2.5,0.5,3.0,,,,,65.66666666666667
1627739,30.0,66,5.409090909090909,3.8484848484848486,2.863636363636364,1.0303030303030305,79.0,,,,,40.375
201142,35.0,75,27.093333333333337,5.04,6.6,0.92,244.0,,,,,20.444444444444443
1631105,20.0,61,13.78688524590164,2.4098360655737703,11.62295081967213,0.5409836065573771,129.0,,,,,18.0
1631106,23.0,22,9.772727272727272,1.2272727272727273,6.954545454545454,1.4090909090909092,20.0,,,,,30.0
1630162,22.0,79,25.936708860759495,5.1265822784810124,5.443037974683544,1.2784810126582278,241.0,,,,,6.5
1630556,23.0,54,1.7222222222222223,0.2777777777777778,0.7777777777777778,0.1851851851851851,4.0,,,,,47.2
1631165,24.0,57,5.43859649122807,1.4912280701754386,2.175438596491228,0.8947368421052632,37.0,,,,,45.5
203954,30.0,39,34.69230769230769,5.615384615384615,11.025641025641026,1.1794871794871795,150.0,,,,,27.875
1629234,27.0,75,5.053333333333334,0.84,4.293333333333333,0.36,61.0,,,,,32.75
1641787,23.0,4,2.5,1.5,3.5,0.0,1.0,,,,,70.66666666666667
1641787,23.0,13,7.0,0.7692307692307693,3.5384615384615383,0.4615384615384615,8.0,,,,,70.66666666666667
1641787,23.0,17,5.9411764705882355,0.9411764705882352,3.5294117647058822,0.3529411764705882,9.0,,,,,70.66666666666667
203957,28.0,55,7.781818181818182,2.8545454545454545,2.709090909090909,0.4,49.0,,,,,44.77777777777778
1628981,25.0,45,6.266666666666667,1.022222222222222,4.288888888888889,0.5555555555555556,44.0,,,,,51.77777777777778
1627827,31.0,68,8.529411764705882,1.5735294117647058,4.661764705882353,0.8235294117647058,59.0,,,,,22.6
1641745,24.0,2,1.5,2.0,0.0,0.0,0.0,,,,,80.0
1630201,26.0,31,5.064516129032258,2.3548387096774195,2.096774193548387,0.5806451612903226,33.0,,,,,41.714285714285715
1630201,26.0,14,2.2142857142857144,0.4285714285714285,0.4285714285714285,0.0714285714285714,3.0,,,,,41.714285714285715
1630201,26.0,24,8.0,2.125,1.7916666666666667,0.7916666666666666,27.0,,,,,41.714285714285715
1630201,26.0,69,5.507246376811594,1.884057971014493,1.6521739130434785,0.5507246376811594,63.0,,,,,41.714285714285715
1631323,28.0,50,8.9,1.46,3.52,0.6,51.0,,,,,36.0
1631323,28.0,16,15.4375,1.75,4.375,0.875,17.0,,,,,36.0
1631323,28.0,66,10.484848484848484,1.5303030303030305,3.727272727272727,0.6666666666666666,68.0,,,,,36.0
1630259,26.0,6,2.0,0.3333333333333333,0.3333333333333333,0.0,1.0,,,,,76.0
1630235,26.0,38,2.1842105263157894,2.4210526315789473,1.3421052631578947,0.2894736842105263,20.0,,,,,44.25
203095,31.0,3,4.0,1.0,1.3333333333333333,1.3333333333333333,1.0,,,,,33.375
203095,31.0,29,7.172413793103448,1.5517241379310345,1.862068965517241,0.8620689655172413,20.0,,,,,33.375
203095,31.0,32,6.875,1.5,1.8125,0.90625,21.0,,,,,33.375
1628368,26.0,74,26.56756756756757,5.648648648648648,4.594594594594595,2.027027027027027,194.0,,,,,15.0
1631241,24.0,22,6.954545454545454,1.818181818181818,3.1818181818181817,0.4545454545454545,25.0,,,,,60.0
1641788,21.0,4,1.0,0.0,0.5,0.0,1.0,,,,,78.0
1641788,21.0,2,5.5,0.0,1.5,1.5,1.0,,,,,78.0
1641788,21.0,6,2.5,0.0,0.8333333333333334,0.5,2.0,,,,,78.0
1628365,26.0,43,7.790697674418604,2.7906976744186047,3.2093023255813953,0.9767441860465116,50.0,,,,,48.57142857142857
1641847,24.0,5,0.0,0.0,0.0,0.2,0.0,,,,,77.0
1629117,27.0,5,3.4,0.6,5.0,0.4,8.0,,,,,61.4
1629655,25.0,45,10.88888888888889,1.5333333333333334,8.022222222222222,0.9777777777777776,46.0,,,,,32.111111111111114
1629655,25.0,29,11.172413793103448,1.5862068965517242,6.931034482758621,0.7241379310344828,28.0,,,,,32.111111111111114
1629655,25.0,74,11.0,1.554054054054054,7.594594594594595,0.8783783783783784,74.0,,,,,32.111111111111114
201568,35.0,26,6.961538461538462,1.1923076923076923,2.923076923076923,0.2307692307692307,12.0,,,,,35.26315789473684
201568,35.0,6,8.666666666666666,2.0,2.3333333333333335,0.3333333333333333,1.0,,,,,35.26315789473684
201568,35.0,17,2.764705882352941,0.7058823529411765,1.0588235294117647,0.3529411764705882,10.0,,,,,35.26315789473684
201568,35.0,49,5.714285714285714,1.1224489795918366,2.204081632653061,0.2857142857142857,23.0,,,,,35.26315789473684
1629636,24.0,57,18.035087719298247,6.543859649122807,2.6666666666666665,1.2982456140350878,176.0,,,,,20.6
1630586,22.0,6,0.5,0.1666666666666666,1.1666666666666667,0.1666666666666666,2.0,,,,,47.0
1630568,25.0,25,3.96,0.16,1.24,0.16,6.0,,,,,53.666666666666664
1629232,27.0,1,0.0,0.0,1.0,0.0,0.0,,,,,81.0
1641718,20.0,75,12.986666666666666,4.426666666666667,2.8133333333333335,0.48,188.0,,,,,7.0
202331,34.0,74,22.58108108108108,3.5405405405405403,5.243243243243243,1.527027027027027,153.0,,,,,20.071428571428573
201959,39.0,16,1.0,0.5625,1.75,0.125,5.0,,,,,26.05263157894737
201959,39.0,4,4.5,0.5,2.25,0.25,0.0,,,,,26.05263157894737
201959,39.0,20,1.7,0.55,1.85,0.15,5.0,,,,,26.05263157894737
1630581,21.0,80,12.325,4.825,6.425,0.6375,168.0,,,,,12.0
1628385,26.0,16,3.375,0.375,1.625,0.0625,6.0,,,,,50.666666666666664
1628385,26.0,7,0.2857142857142857,0.0,0.5714285714285714,0.1428571428571428,0.0,,,,,50.666666666666664
1628385,26.0,23,2.4347826086956523,0.2608695652173913,1.3043478260869563,0.0869565217391304,6.0,,,,,50.666666666666664
1628983,25.0,75,30.053333333333335,6.2,5.533333333333333,2.0,162.0,,,,,17.666666666666668
1630264,31.0,50,3.78,0.68,1.88,0.26,23.0,,,,,37.25
1631221,25.0,24,3.625,1.125,0.875,0.5416666666666666,14.0,,,,,58.0
1631367,25.0,37,4.675675675675675,3.5405405405405403,1.162162162162162,0.7297297297297297,29.0,,,,,61.25
1631367,25.0,4,0.0,1.5,0.75,1.5,1.0,,,,,61.25
1631367,25.0,41,4.219512195121951,3.341463414634146,1.1219512195121952,0.8048780487804879,30.0,,,,,61.25
203497,32.0,76,13.960526315789474,1.3421052631578947,12.921052631578949,0.6842105263157895,118.0,,,,,13.181818181818182
1630692,25.0,40,4.95,1.95,2.925,0.575,29.0,,,,,46.4
1630692,25.0,17,10.0,4.529411764705882,8.0,1.4705882352941178,27.0,,,,,46.4
1630692,25.0,57,6.456140350877193,2.719298245614035,4.43859649122807,0.8421052631578947,56.0,,,,,46.4
203932,28.0,73,13.876712328767123,3.547945205479452,6.4520547945205475,0.7671232876712328,105.0,,,,,22.083333333333332
201569,35.0,68,11.014705882352942,2.0441176470588234,1.7941176470588236,0.9705882352941176,73.0,,,,,28.944444444444443
1628984,29.0,23,4.956521739130435,2.130434782608696,1.565217391304348,0.391304347826087,17.0,,,,,30.875
203924,30.0,54,20.96296296296296,2.814814814814815,3.537037037037037,0.8333333333333334,116.0,,,,,19.333333333333332
1630564,24.0,3,7.666666666666667,2.0,2.3333333333333335,0.3333333333333333,1.0,,,,,80.0
1631260,24.0,56,4.5,0.5357142857142857,1.1428571428571428,0.1607142857142857,12.0,,,,,36.5
201980,37.0,2,0.0,0.5,1.0,0.5,0.0,,,,,32.411764705882355
203110,34.0,55,8.636363636363637,6.036363636363636,7.236363636363636,1.0,135.0,,,,,14.25
1630224,22.0,82,19.634146341463413,3.548780487804878,5.158536585365853,0.8048780487804879,191.0,,,,,7.0
1629750,30.0,9,12.22222222222222,0.5555555555555556,7.444444444444445,1.1111111111111112,7.0,,,,,48.285714285714285
201145,37.0,78,6.5256410256410255,0.8974358974358975,2.282051282051282,0.2051282051282051,46.0,,,,,20.916666666666668
1630182,23.0,57,8.228070175438596,2.280701754385965,3.2280701754385963,0.8245614035087719,60.0,,,,,26.25
1631100,20.0,20,2.4,0.25,0.9,0.05,8.0,,,,,36.0
1629656,24.0,45,7.266666666666667,1.1555555555555554,1.9555555555555555,0.6666666666666666,21.0,,,,,38.2
1629656,24.0,6,5.333333333333333,2.3333333333333335,2.0,0.8333333333333334,7.0,,,,,38.2
1629656,24.0,51,7.03921568627451,1.2941176470588236,1.96078431372549,0.6862745098039216,28.0,,,,,38.2
1631338,25.0,11,2.363636363636364,0.4545454545454545,2.090909090909091,0.2727272727272727,12.0,,,,,71.0
1631243,21.0,6,4.0,0.6666666666666666,3.6666666666666665,0.8333333333333334,1.0,,,,,76.0
1629060,26.0,68,13.573529411764708,1.1911764705882353,4.323529411764706,0.6029411764705882,46.0,,,,,33.285714285714285
1630204,24.0,19,4.2105263157894735,2.8421052631578947,2.3684210526315788,0.5789473684210527,30.0,,,,,71.5
1630169,24.0,69,20.130434782608695,10.898550724637682,3.927536231884058,1.2028985507246377,159.0,,,,,25.833333333333332
1630181,23.0,8,1.25,1.0,0.75,0.0,3.0,,,,,48.5
203501,32.0,79,14.417721518987342,1.759493670886076,3.2151898734177213,0.5316455696202531,69.0,,,,,20.384615384615383
201935,34.0,72,16.555555555555557,8.527777777777779,5.125,1.0694444444444444,185.0,,,,,19.842105263157894
1630702,21.0,73,7.260273972602739,1.4931506849315068,1.7945205479452055,0.3013698630136986,62.0,,,,,21.5
1631199,24.0,1,0.0,1.0,0.0,0.0,0.0,,,,,77.0
203914,29.0,54,6.888888888888889,1.6111111111111112,1.6851851851851851,0.9074074074074074,31.0,,,,,31.25
203925,32.0,16,2.4375,0.625,0.8125,0.1875,4.0,,,,,31.6
1630284,27.0,2,2.0,0.5,1.0,0.0,1.0,,,,,64.0
202699,31.0,70,17.2,3.1,6.4714285714285715,1.0,93.0,,,,,25.333333333333332
1627885,30.0,3,0.6666666666666666,0.0,0.6666666666666666,0.0,0.0,,,,,57.888888888888886
1628404,29.0,81,9.395061728395062,4.08641975308642,8.333333333333334,0.925925925925926,118.0,,,,,29.0
1628392,26.0,75,7.76,2.506666666666667,8.346666666666666,1.16,93.0,,,,,36.0
1630573,26.0,79,9.0126582278481,1.0379746835443038,3.4936708860759493,0.5063291139240507,32.0,,,,,20.333333333333332
1641722,22.0,67,7.82089552238806,1.044776119402985,2.208955223880597,0.2835820895522388,40.0,,,,,15.0
1629637,24.0,70,4.328571428571428,0.4714285714285714,3.0142857142857142,0.4857142857142857,43.0,,,,,19.8
1630165,22.0,42,6.880952380952381,4.880952380952381,2.8333333333333335,0.8571428571428571,51.0,,,,,29.5
202330,34.0,25,14.48,4.64,4.68,1.12,51.0,,,,,26.625
202330,34.0,26,5.3076923076923075,1.6153846153846154,2.4615384615384617,0.4615384615384615,15.0,,,,,26.625
202330,34.0,51,9.803921568627452,3.0980392156862746,3.549019607843137,0.7843137254901961,66.0,,,,,26.625
1630703,20.0,62,14.0,5.419354838709677,3.129032258064516,0.7741935483870968,212.0,,,,,20.0
1641707,20.0,40,7.3,0.8,4.625,0.7,27.0,,,,,42.0
1629639,24.0,42,20.833333333333332,4.476190476190476,5.285714285714286,0.7142857142857143,93.0,,,,,25.2
1627741,31.0,52,11.98076923076923,2.673076923076923,3.2115384615384617,0.8269230769230769,62.0,,,,,19.214285714285715
1627741,31.0,32,12.1875,3.03125,3.1875,0.84375,41.0,,,,,19.214285714285715
1627741,31.0,84,12.05952380952381,2.8095238095238093,3.202380952380953,0.8333333333333334,103.0,,,,,19.214285714285715
1629312,27.0,66,6.136363636363637,1.0606060606060606,3.1818181818181817,0.803030303030303,34.0,,,,,46.0
1630207,25.0,15,2.2,0.6666666666666666,1.4666666666666666,0.2,3.0,,,,,69.33333333333333
1641793,25.0,7,2.0,0.7142857142857143,0.0,0.1428571428571428,1.0,,,,,75.0
1628988,27.0,78,6.589743589743589,1.794871794871795,1.5769230769230769,0.5384615384615384,53.0,,,,,25.875
201950,34.0,69,12.46376811594203,4.826086956521739,5.405797101449275,0.8840579710144928,124.0,,,,,17.0
203200,35.0,58,4.0344827586206895,1.1551724137931034,1.2241379310344829,0.6206896551724138,14.0,,,,,32.78947368421053
1626158,30.0,23,3.391304347826087,0.6521739130434783,3.391304347826087,0.1304347826086956,12.0,,,,,36.72727272727273
1626158,30.0,17,7.117647058823529,0.5882352941176471,6.117647058823529,0.4705882352941176,12.0,,,,,36.72727272727273
1626158,30.0,40,4.975,0.625,4.55,0.275,24.0,,,,,36.72727272727273
1631096,22.0,82,16.548780487804876,2.4390243902439024,7.902439024390244,0.6463414634146342,131.0,,,,,0.0
1641720,21.0,21,1.619047619047619,0.3809523809523809,0.6190476190476191,0.1428571428571428,9.0,,,,,61.0
201143,38.0,65,8.646153846153846,2.5846153846153848,6.3538461538461535,0.5846153846153846,48.0,,,,,18.58823529411765
1629659,23.0,51,10.117647058823527,3.4705882352941178,2.372549019607843,0.8823529411764706,65.0,,,,,32.6
1627863,31.0,34,4.235294117647059,0.8235294117647058,1.7058823529411764,0.4411764705882353,19.0,,,,,51.45454545454545
1631216,21.0,59,4.288135593220339,0.4915254237288136,1.423728813559322,0.2542372881355932,16.0,,,,,27.0
1641724,20.0,18,1.6111111111111112,0.3333333333333333,0.3888888888888889,0.1111111111111111,3.0,,,,,64.0
1628989,25.0,64,10.234375,2.59375,3.5,0.703125,53.0,,,,,13.166666666666666
1630643,26.0,20,1.15,0.1,0.55,0.1,1.0,,,,,71.66666666666667
1629631,26.0,57,15.63157894736842,1.5263157894736843,3.8947368421052633,0.7017543859649122,83.0,,,,,29.4
1630562,24.0,8,4.0,0.5,2.0,0.375,2.0,,,,,74.0
1630538,23.0,37,6.918918918918919,2.5135135135135136,1.4864864864864864,0.7027027027027027,44.0,,,,,38.4
204060,36.0,68,4.352941176470588,2.985294117647059,2.088235294117647,0.6323529411764706,67.0,,,,,11.6
1627742,26.0,64,20.8125,5.671875,5.0625,0.78125,163.0,,,,,22.375
202681,32.0,58,25.63793103448276,5.155172413793103,5.0,1.2758620689655171,106.0,,,,,29.4
1628371,26.0,58,6.775862068965517,0.5172413793103449,4.482758620689655,0.7413793103448276,27.0,,,,,41.0
1631093,22.0,77,15.38961038961039,3.844155844155844,3.4285714285714284,0.7402597402597403,190.0,,,,,6.5
1641713,19.0,48,14.5625,1.2291666666666667,4.083333333333333,0.5833333333333334,65.0,,,,,34.0
1630543,22.0,60,6.383333333333334,0.8333333333333334,3.966666666666667,0.5666666666666667,39.0,,,,,29.0
1628382,29.0,2,0.0,0.0,0.0,0.0,0.0,,,,,51.07692307692308
1631245,25.0,3,0.6666666666666666,0.6666666666666666,1.3333333333333333,0.3333333333333333,0.0,,,,,76.0
202704,34.0,82,10.158536585365852,3.7560975609756095,1.8902439024390243,0.5365853658536586,106.0,,,,,27.842105263157894
1641748,22.0,57,2.192982456140351,0.8771929824561403,1.9824561403508771,0.2807017543859649,28.0,,,,,25.0
1628991,24.0,66,22.515151515151516,2.3333333333333335,5.53030303030303,1.2121212121212122,160.0,,,,,26.5
1631218,24.0,68,7.9411764705882355,1.2058823529411764,5.014705882352941,0.4264705882352941,49.0,,,,,14.0
2544,39.0,71,25.661971830985916,8.295774647887324,7.295774647887324,1.2535211267605637,245.0,,,,,10.952380952380953
1631170,23.0,75,11.853333333333332,2.6,3.8,1.0266666666666666,110.0,,,,,7.0
1630610,26.0,9,4.777777777777778,2.888888888888889,4.888888888888889,0.6666666666666666,9.0,,,,,77.0
1629610,26.0,17,0.8235294117647058,0.2941176470588235,0.2941176470588235,0.0,3.0,,,,,66.16666666666667
1641998,24.0,2,0.0,0.0,0.5,0.0,1.0,,,,,65.33333333333333
1641998,24.0,23,7.434782608695652,1.173913043478261,5.782608695652174,0.5217391304347826,33.0,,,,,65.33333333333333
1641998,24.0,25,6.84,1.08,5.36,0.48,34.0,,,,,65.33333333333333
1629660,26.0,2,2.0,1.5,0.5,0.0,1.0,,,,,50.2
1630198,24.0,78,8.153846153846153,1.2692307692307692,2.3076923076923075,0.5897435897435898,47.0,,,,,20.25
1629661,28.0,58,13.379310344827584,2.3793103448275863,4.327586206896552,0.8448275862068966,57.0,,,,,35.57142857142857
1630552,22.0,56,16.0,3.625,8.714285714285714,1.1964285714285714,101.0,,,,,32.666666666666664
201949,37.0,9,0.8888888888888888,0.8888888888888888,0.4444444444444444,0.5555555555555556,5.0,,,,,39.38095238095238
1629640,24.0,69,15.710144927536232,2.8260869565217392,5.463768115942029,0.7391304347826086,100.0,,,,,23.4
1630553,22.0,5,6.2,0.6,1.4,0.6,5.0,,,,,58.2
1641749,24.0,9,1.2222222222222223,0.4444444444444444,1.1111111111111112,0.1111111111111111,4.0,,,,,73.0
203999,29.0,79,26.39240506329114,8.962025316455696,12.354430379746836,1.3670886075949369,237.0,,,,,7.0
1641732,22.0,30,2.1333333333333333,0.6666666666666666,1.3333333333333333,0.2333333333333333,10.0,,,,,52.0
1627745,28.0,39,2.7435897435897436,0.3846153846153846,1.5897435897435896,0.1794871794871795,13.0,,,,,54.38461538461539
1630529,25.0,76,11.013157894736842,2.6184210526315788,3.5789473684210527,1.381578947368421,93.0,,,,,8.666666666666666
1630222,25.0,5,1.4,1.0,1.0,0.2,2.0,,,,,67.4
1630200,24.0,77,10.012987012987011,6.207792207792208,3.7532467532467537,1.0129870129870129,116.0,,,,,19.25
1626145,28.0,66,11.969696969696969,7.348484848484849,2.712121212121212,1.0757575757575757,66.0,,,,,15.222222222222221
1627884,27.0,76,8.644736842105264,0.986842105263158,3.289473684210526,0.6973684210526315,65.0,,,,,38.0
201599,35.0,36,3.9444444444444446,0.7222222222222222,4.361111111111111,0.1666666666666666,23.0,,,,,23.4
202709,32.0,26,2.423076923076923,1.6153846153846154,1.1538461538461535,0.1538461538461538,12.0,,,,,23.4
1631107,21.0,46,7.6521739130434785,1.9565217391304348,4.173913043478261,0.5434782608695652,42.0,,,,,51.5
1630548,23.0,20,7.2,1.15,1.8,0.2,13.0,,,,,63.0
1628379,28.0,39,11.0,3.4871794871794872,2.897435897435898,0.5128205128205128,54.0,,,,,31.555555555555557
1631117,22.0,64,8.09375,0.9375,7.515625,0.46875,66.0,,,,,13.0
1630296,27.0,20,1.1,0.45,0.9,0.1,1.0,,,,,73.0
1630557,25.0,80,13.375,1.95,2.8125,0.5125,98.0,,,,,5.0
1628467,32.0,43,4.441860465116279,1.5813953488372092,3.3255813953488373,0.3953488372093023,28.0,,,,,24.0
1628995,24.0,31,7.193548387096774,0.7419354838709677,2.4193548387096775,0.4193548387096774,22.0,,,,,42.1
1629723,28.0,55,4.2727272727272725,2.0,4.672727272727273,0.9272727272727272,46.0,,,,,29.8
1627788,26.0,35,2.5142857142857142,0.7142857142857143,0.8571428571428571,0.4,10.0,,,,,35.142857142857146
1628436,28.0,63,5.301587301587301,1.0634920634920637,4.142857142857143,0.365079365079365,21.0,,,,,54.833333333333336
1630249,24.0,22,6.136363636363637,2.272727272727273,2.363636363636364,0.5909090909090909,20.0,,,,,55.0
1630228,21.0,74,16.054054054054053,2.202702702702702,4.797297297297297,0.7432432432432432,122.0,,,,,11.666666666666666
1628398,28.0,70,22.185714285714287,4.228571428571429,6.628571428571429,0.5285714285714286,192.0,,,,,14.0
1631222,22.0,35,10.82857142857143,1.6571428571428573,3.657142857142857,0.8285714285714286,45.0,,,,,47.0
203897,29.0,25,19.48,3.92,5.16,0.84,52.0,,,,,24.0
1629111,28.0,56,4.892857142857143,1.1607142857142858,3.0714285714285716,0.3571428571428571,31.0,,,,,22.333333333333332
1630639,23.0,42,3.238095238095238,0.4761904761904761,1.1904761904761905,0.238095238095238,14.0,,,,,64.0
1627747,29.0,68,14.0,5.088235294117647,4.117647058823529,1.1176470588235294,117.0,,,,,34.916666666666664
1630240,25.0,24,2.9583333333333335,1.25,1.2916666666666667,0.2916666666666667,8.0,,,,,55.5
203458,31.0,48,2.5,1.0416666666666667,2.6666666666666665,0.2291666666666666,27.0,,,,,31.133333333333333
202695,33.0,68,23.720588235294116,3.588235294117647,6.117647058823529,1.6323529411764706,119.0,,,,,24.0
1641721,21.0,34,0.3235294117647059,0.1764705882352941,0.1176470588235294,0.0588235294117647,10.0,,,,,48.0
1630184,23.0,15,2.933333333333333,1.2,0.9333333333333332,0.3333333333333333,8.0,,,,,59.285714285714285
1630184,23.0,1,0.0,0.0,0.0,0.0,0.0,,,,,59.285714285714285
1630184,23.0,12,3.75,1.5833333333333333,1.0,0.3333333333333333,6.0,,,,,59.285714285714285
1630184,23.0,28,3.1785714285714284,1.3214285714285714,0.9285714285714286,0.3214285714285714,14.0,,,,,59.285714285714285
1630604,23.0,8,0.5,0.125,0.625,0.25,2.0,,,,,74.0
203081,33.0,73,24.315068493150687,6.958904109589041,4.383561643835616,0.9863013698630136,193.0,,,,,11.833333333333334
1629642,24.0,45,3.3777777777777778,0.4666666666666667,1.6666666666666667,0.2222222222222222,14.0,,,,,34.6
1641726,20.0,55,8.781818181818181,1.0909090909090908,6.872727272727273,0.6545454545454545,50.0,,,,,27.0
1630587,25.0,23,4.956521739130435,1.0869565217391304,2.0869565217391304,0.5652173913043478,16.0,,,,,50.666666666666664
1641753,20.0,21,1.238095238095238,0.238095238095238,1.0,0.0952380952380952,5.0,,,,,61.0
1631254,21.0,15,2.6,0.9333333333333332,1.0,0.2,6.0,,,,,68.8
1631254,21.0,2,1.0,0.0,1.5,0.0,2.0,,,,,68.8
1631254,21.0,4,13.75,4.75,5.0,0.75,6.0,,,,,68.8
1631254,21.0,21,4.571428571428571,1.5714285714285714,1.8095238095238095,0.2857142857142857,14.0,,,,,68.8
1626172,28.0,74,4.513513513513513,1.7972972972972974,5.662162162162162,0.3783783783783784,50.0,,,,,23.88888888888889
201572,36.0,79,12.531645569620252,1.6075949367088609,5.177215189873418,0.5443037974683544,79.0,,,,,17.9375
201577,36.0,16,1.125,0.25,0.3125,0.0625,2.0,,,,,20.0
201567,35.0,55,8.818181818181818,2.090909090909091,6.1454545454545455,0.3272727272727272,48.0,,,,,26.944444444444443
200768,38.0,37,8.18918918918919,3.972972972972973,3.4864864864864864,1.054054054054054,53.0,,,,,24.045454545454547
200768,38.0,23,8.0,4.608695652173913,2.8260869565217392,0.8695652173913043,32.0,,,,,24.045454545454547
200768,38.0,60,8.116666666666667,4.216666666666667,3.2333333333333334,0.9833333333333332,85.0,,,,,24.045454545454547
1641754,24.0,9,1.5555555555555556,0.0,0.7777777777777778,0.0,1.0,,,,,73.0
1626168,28.0,58,7.224137931034483,1.2413793103448276,4.431034482758621,0.293103448275862,38.0,,,,,22.363636363636363
1630177,23.0,13,4.153846153846154,2.1538461538461537,1.7692307692307692,0.5384615384615384,15.0,,,,,49.666666666666664
1630177,23.0,4,1.25,0.0,0.25,0.0,3.0,,,,,49.666666666666664
1630177,23.0,17,3.4705882352941178,1.6470588235294117,1.411764705882353,0.4117647058823529,18.0,,,,,49.666666666666664
1630572,25.0,46,4.130434782608695,1.065217391304348,3.1956521739130435,0.1521739130434782,19.0,,,,,47.4
1629611,27.0,75,8.773333333333333,1.586666666666667,3.3866666666666667,0.5733333333333334,48.0,,,,,13.0
1630544,23.0,13,3.769230769230769,1.5384615384615383,1.8461538461538465,0.2307692307692307,9.0,,,,,40.2
1630544,23.0,28,11.892857142857142,5.178571428571429,4.464285714285714,1.7142857142857142,56.0,,,,,40.2
1630544,23.0,41,9.317073170731708,4.024390243902439,3.6341463414634143,1.2439024390243902,65.0,,,,,40.2
1626246,35.0,14,3.2142857142857144,0.4285714285714285,2.2857142857142856,0.0714285714285714,5.0,,,,,49.07692307692308
1628374,27.0,55,23.23636363636364,2.0,8.163636363636364,0.9090909090909092,77.0,,,,,24.428571428571427
1630230,26.0,66,7.0606060606060606,1.9393939393939392,3.636363636363636,0.7424242424242424,65.0,,,,,24.5
1628997,28.0,64,10.0,2.234375,4.390625,0.734375,77.0,,,,,28.8
1628998,28.0,28,7.535714285714286,3.7142857142857144,3.892857142857143,1.1428571428571428,44.0,,,,,40.8
1630231,23.0,2,5.0,0.5,1.5,1.0,2.0,,,,,27.666666666666668
1630231,23.0,58,3.689655172413793,0.8620689655172413,2.206896551724138,0.3448275862068966,30.0,,,,,27.666666666666668
1630231,23.0,60,3.7333333333333334,0.85,2.183333333333333,0.3666666666666666,32.0,,,,,27.666666666666668
1629726,27.0,66,4.924242424242424,0.5606060606060606,1.393939393939394,0.303030303030303,19.0,,,,,36.142857142857146
1631097,22.0,59,14.508474576271189,2.016949152542373,3.9661016949152543,0.5932203389830508,97.0,,,,,13.5
202083,37.0,36,3.0555555555555554,0.6388888888888888,1.4722222222222223,0.4444444444444444,8.0,,,,,23.38888888888889
1630178,23.0,70,25.942857142857143,6.185714285714286,3.6857142857142855,0.9857142857142858,116.0,,,,,15.5
1630219,26.0,21,6.333333333333333,3.5714285714285716,1.761904761904762,0.6666666666666666,18.0,,,,,58.166666666666664
1630219,26.0,17,1.2941176470588236,0.5882352941176471,0.3529411764705882,0.4117647058823529,2.0,,,,,58.166666666666664
1630219,26.0,38,4.078947368421052,2.236842105263158,1.131578947368421,0.5526315789473685,20.0,,,,,58.166666666666664
1630540,23.0,68,8.264705882352942,1.6764705882352942,1.4705882352941178,0.7352941176470589,30.0,,,,,24.666666666666668
203468,32.0,66,20.03030303030303,4.621212121212121,4.333333333333333,0.9393939393939394,110.0,,,,,21.0
204456,32.0,71,10.23943661971831,5.492957746478873,2.6901408450704225,1.0140845070422535,108.0,,,,,12.333333333333334
1630183,23.0,72,10.51388888888889,1.4027777777777777,3.111111111111111,0.875,87.0,,,,,11.0
1629667,26.0,50,3.38,0.74,1.58,0.38,30.0,,,,,35.142857142857146
203926,32.0,46,6.0,1.2391304347826086,1.0434782608695652,0.2391304347826087,24.0,,,,,27.875
203926,32.0,18,4.166666666666667,0.7222222222222222,0.6111111111111112,0.2777777777777778,4.0,,,,,27.875
203926,32.0,64,5.484375,1.09375,0.921875,0.25,28.0,,,,,27.875
201580,36.0,46,4.021739130434782,0.3695652173913043,2.739130434782609,0.3043478260869565,34.0,,,,,34.77272727272727
1631121,21.0,59,5.11864406779661,0.864406779661017,1.728813559322034,0.3559322033898305,30.0,,,,,29.5
1629162,28.0,56,3.482142857142857,1.9642857142857144,1.2857142857142858,0.625,19.0,,,,,33.6
1629001,26.0,38,11.078947368421051,3.0,3.710526315789474,1.5789473684210529,39.0,,,,,23.666666666666668
1641877,26.0,25,1.32,0.36,2.6,0.24,14.0,,,,,57.0
1630241,28.0,61,7.950819672131147,1.7704918032786885,1.9672131147540983,0.3114754098360656,19.0,,,,,56.5
1629002,27.0,37,5.0,0.5135135135135135,2.972972972972973,0.5135135135135135,27.0,,,,,43.125
1629002,27.0,14,10.5,1.9285714285714288,6.0,1.7142857142857142,25.0,,,,,43.125
1629002,27.0,51,6.509803921568627,0.9019607843137256,3.803921568627451,0.8431372549019608,52.0,,,,,43.125
203995,30.0,30,3.3,2.533333333333333,0.8,0.3,29.0,,,,,42.0
203995,30.0,30,10.766666666666667,6.2,2.1333333333333333,0.7333333333333333,70.0,,,,,42.0
203995,30.0,60,7.033333333333333,4.366666666666666,1.4666666666666666,0.5166666666666667,99.0,,,,,42.0
203114,32.0,55,15.054545454545456,5.3090909090909095,4.672727272727273,0.9272727272727272,127.0,,,,,20.416666666666668
1641706,21.0,74,17.283783783783782,2.364864864864865,4.256756756756757,0.8918918918918919,132.0,,,,,8.0
1641757,24.0,8,1.625,0.0,0.625,0.0,1.0,,,,,74.0
1631159,20.0,17,1.7058823529411764,0.4705882352941176,1.1764705882352942,0.1176470588235294,1.0,,,,,65.0
201988,35.0,19,2.6842105263157894,0.7368421052631579,1.0526315789473684,0.4736842105263157,8.0,,,,,27.647058823529413
201988,35.0,13,5.846153846153846,1.5384615384615383,1.1538461538461535,0.8461538461538461,8.0,,,,,27.647058823529413
201988,35.0,32,3.96875,1.0625,1.09375,0.625,16.0,,,,,27.647058823529413
1629003,27.0,38,4.684210526315789,1.3157894736842106,1.3421052631578947,0.4210526315789473,28.0,,,,,43.111111111111114
1629003,27.0,4,6.75,1.5,4.5,0.5,3.0,,,,,43.111111111111114
1629003,27.0,6,1.8333333333333333,0.6666666666666666,1.0,0.1666666666666666,0.0,,,,,43.111111111111114
1629003,27.0,48,4.5,1.25,1.5625,0.3958333333333333,31.0,,,,,43.111111111111114
1631303,25.0,34,1.7941176470588236,0.6176470588235294,1.6470588235294117,0.2647058823529412,9.0,,,,,63.0
1631169,21.0,32,1.5625,0.25,0.53125,0.15625,2.0,,,,,58.5
1630558,25.0,72,5.263888888888889,1.8611111111111112,1.3194444444444444,0.2361111111111111,43.0,,,,,6.333333333333333
1628378,27.0,55,26.6,6.054545454545455,5.090909090909091,1.8363636363636364,154.0,,,,,15.142857142857142
1630596,23.0,50,15.7,3.2,9.36,0.9,90.0,,,,,16.0
1630600,24.0,10,2.3,0.6,1.0,0.2,2.0,,,,,71.0
1628370,26.0,72,15.416666666666666,5.138888888888889,2.9444444444444446,0.625,150.0,,,,,16.571428571428573
1630541,22.0,66,8.075757575757576,0.8636363636363636,2.9696969696969697,0.6363636363636364,44.0,,,,,21.666666666666668
1629875,29.0,14,2.357142857142857,1.5,1.2857142857142858,0.2142857142857142,5.0,,,,,72.66666666666667
1631386,26.0,4,4.5,1.25,2.0,0.5,3.0,,,,,78.0
1631111,22.0,25,0.72,0.24,0.48,0.2,4.0,,,,,55.0
1629630,24.0,9,25.11111111111111,8.11111111111111,5.555555555555555,0.7777777777777778,27.0,,,,,30.6
202693,34.0,26,2.5384615384615383,0.6153846153846154,1.5,0.1923076923076923,12.0,,,,,34.80952380952381
1628420,29.0,6,4.5,1.3333333333333333,2.0,0.1666666666666666,2.0,,,,,36.666666666666664
1628420,29.0,27,5.074074074074074,2.259259259259259,1.6666666666666667,0.6666666666666666,5.0,,,,,36.666666666666664
1628420,29.0,33,4.96969696969697,2.090909090909091,1.7272727272727273,0.5757575757575758,7.0,,,,,36.666666666666664
202694,34.0,37,6.675675675675675,0.7027027027027027,2.945945945945946,0.3513513513513513,19.0,,,,,28.31578947368421
202694,34.0,12,5.75,0.8333333333333334,2.0833333333333335,0.1666666666666666,11.0,,,,,28.31578947368421
202694,34.0,49,6.448979591836735,0.7346938775510204,2.7346938775510203,0.3061224489795918,30.0,,,,,28.31578947368421
1630530,24.0,57,14.771929824561404,2.175438596491228,4.912280701754386,0.8947368421052632,34.0,,,,,16.0
1627749,27.0,78,22.474358974358974,6.435897435897436,5.333333333333333,1.4230769230769231,201.0,,,,,14.571428571428571
1627750,27.0,59,21.1864406779661,6.508474576271187,4.101694915254237,0.9661016949152542,125.0,,,,,15.0
1631099,23.0,77,15.22077922077922,1.675324675324675,5.454545454545454,1.025974025974026,64.0,,,,,3.5
1631200,23.0,62,6.064516129032258,1.2903225806451613,3.612903225806451,0.8548387096774194,55.0,,,,,20.0
203488,32.0,24,3.9583333333333335,0.9166666666666666,3.125,0.2083333333333333,16.0,,,,,41.55555555555556
203488,32.0,13,3.4615384615384617,0.7692307692307693,2.230769230769231,0.2307692307692307,2.0,,,,,41.55555555555556
203488,32.0,16,1.0625,0.25,1.3125,0.0625,4.0,,,,,41.55555555555556
203488,32.0,53,2.962264150943396,0.6792452830188679,2.358490566037736,0.1698113207547169,22.0,,,,,41.55555555555556
1629004,27.0,41,3.951219512195122,0.8536585365853658,1.2439024390243902,0.2682926829268293,12.0,,,,,45.916666666666664
1631250,24.0,8,0.375,0.0,0.375,0.125,1.0,,,,,74.0
1626204,31.0,61,5.737704918032787,1.852459016393443,5.032786885245901,1.0,49.0,,,,,33.23076923076923
1629614,24.0,68,9.205882352941176,4.117647058823529,2.073529411764706,0.9264705882352942,101.0,,,,,10.5
1630174,24.0,72,12.180555555555555,1.5,3.8194444444444446,0.9027777777777778,64.0,,,,,21.25
1627777,31.0,82,9.365853658536585,1.195121951219512,3.3902439024390243,0.3658536585365853,72.0,,,,,23.875
1630227,22.0,15,1.8,0.4,0.2,0.3333333333333333,5.0,,,,,50.0
1630192,23.0,58,3.206896551724138,0.5517241379310345,2.1724137931034484,0.2586206896551724,27.0,,,,,33.5
1629669,24.0,9,5.666666666666667,1.7777777777777777,1.5555555555555556,0.3333333333333333,5.0,,,,,52.0
1629669,24.0,4,7.5,0.75,2.5,0.25,2.0,,,,,52.0
1629669,24.0,13,6.230769230769231,1.4615384615384617,1.8461538461538465,0.3076923076923077,7.0,,,,,52.0
1641806,24.0,1,2.0,2.0,2.0,1.0,0.0,,,,,81.0
1628373,25.0,5,1.0,0.8,1.2,0.0,1.0,,,,,36.142857142857146
203994,29.0,76,10.907894736842104,3.960526315789474,11.013157894736842,1.0657894736842106,175.0,,,,,31.666666666666668
1629670,25.0,18,5.222222222222222,1.0,1.8333333333333333,0.3333333333333333,12.0,,,,,42.0
1629670,25.0,34,7.9411764705882355,1.2941176470588236,3.411764705882353,0.5882352941176471,41.0,,,,,42.0
1629670,25.0,52,7.0,1.1923076923076923,2.8653846153846154,0.5,53.0,,,,,42.0
1626220,31.0,49,7.428571428571429,2.795918367346939,4.510204081632653,0.6530612244897959,51.0,,,,,14.88888888888889
1626220,31.0,30,8.133333333333333,2.7333333333333334,5.2,0.9,22.0,,,,,14.88888888888889
1626220,31.0,79,7.69620253164557,2.7721518987341773,4.772151898734177,0.7468354430379747,73.0,,,,,14.88888888888889
1629643,25.0,47,2.276595744680851,0.425531914893617,1.702127659574468,0.1914893617021276,16.0,,,,,34.75
1629006,25.0,60,4.616666666666666,1.0666666666666669,2.566666666666667,0.8,36.0,,,,,19.333333333333332
1630168,23.0,55,10.2,1.3454545454545457,6.836363636363636,0.4727272727272727,45.0,,,,,23.75
1630171,23.0,69,9.376811594202898,1.9130434782608696,2.9855072463768115,0.8260869565217391,54.0,,,,,12.25
203482,33.0,50,8.12,4.38,5.08,0.74,81.0,,,,,21.733333333333334
203482,33.0,28,12.714285714285714,4.571428571428571,5.607142857142857,1.3214285714285714,71.0,,,,,21.733333333333334
203482,33.0,78,9.76923076923077,4.448717948717949,5.269230769230769,0.9487179487179488,152.0,,,,,21.733333333333334
1630647,27.0,43,4.813953488372093,0.813953488372093,1.9767441860465116,0.627906976744186,21.0,,,,,56.6
1626224,29.0,72,6.791666666666667,1.6527777777777777,2.5,0.5,47.0,,,,,14.0
1626162,28.0,68,15.426470588235292,1.4852941176470589,5.014705882352941,1.1323529411764706,87.0,,,,,21.636363636363637
101108,39.0,58,9.189655172413794,6.775862068965517,3.8793103448275863,1.206896551724138,76.0,,,,,15.052631578947368
1626166,29.0,47,6.191489361702128,2.3191489361702127,1.319148936170213,0.4680851063829787,31.0,,,,,45.06666666666667
1626166,29.0,31,9.258064516129032,3.096774193548387,1.7741935483870968,0.6451612903225806,35.0,,,,,45.06666666666667
1626166,29.0,78,7.410256410256411,2.628205128205128,1.5,0.5384615384615384,66.0,,,,,45.06666666666667
1627780,31.0,44,5.454545454545454,1.0909090909090908,2.5681818181818183,0.8863636363636364,27.0,,,,,60.916666666666664
1641970,23.0,7,6.857142857142857,0.2857142857142857,5.285714285714286,0.8571428571428571,5.0,,,,,75.0
1641809,24.0,3,3.6666666666666665,0.3333333333333333,0.3333333333333333,0.6666666666666666,1.0,,,,,79.0
1630196,24.0,1,0.0,0.0,1.0,0.0,0.0,,,,,80.0
1630196,24.0,2,1.5,0.0,0.0,0.0,0.0,,,,,80.0
1630196,24.0,3,1.0,0.0,0.3333333333333333,0.0,0.0,,,,,80.0
1641763,20.0,40,2.225,0.325,0.9,0.175,10.0,,,,,42.0
1629618,24.0,27,1.5555555555555556,0.7777777777777778,0.5185185185185185,0.1481481481481481,9.0,,,,,55.0
1630590,23.0,21,12.904761904761903,4.666666666666667,3.1904761904761907,1.7142857142857142,56.0,,,,,68.5
203486,34.0,46,5.304347826086956,1.1956521739130437,5.086956521739131,0.3043478260869565,36.0,,,,,18.933333333333334
1641764,21.0,74,9.216216216216216,3.689189189189189,5.77027027027027,0.8243243243243243,88.0,,,,,8.0
1627751,28.0,50,11.1,2.54,8.58,0.7,77.0,,,,,21.0
1630197,22.0,10,1.2,0.5,1.0,0.1,3.0,,,,,49.333333333333336
1630197,22.0,18,7.444444444444445,1.6666666666666667,4.388888888888889,0.7777777777777778,16.0,,,,,49.333333333333336
1630197,22.0,28,5.214285714285714,1.25,3.1785714285714284,0.5357142857142857,19.0,,,,,49.333333333333336
1629673,25.0,78,17.384615384615383,4.397435897435898,2.717948717948718,1.1025641025641026,188.0,,,,,13.2
1629007,24.0,26,4.423076923076923,2.3076923076923075,3.1538461538461537,0.7692307692307693,21.0,,,,,63.5
1641854,24.0,51,5.588235294117647,2.313725490196078,2.1372549019607843,0.4117647058823529,45.0,,,,,31.0
1629008,26.0,81,16.74074074074074,1.5061728395061729,6.9753086419753085,0.5185185185185185,92.0,,,,,28.4
203490,31.0,15,2.6,0.5333333333333333,1.9333333333333331,0.3333333333333333,2.0,,,,,41.266666666666666
1626171,29.0,82,13.78048780487805,1.2682926829268293,7.402439024390244,0.8292682926829268,91.0,,,,,22.454545454545453
204001,28.0,57,20.087719298245613,2.017543859649123,7.175438596491228,0.7368421052631579,89.0,,,,,31.0
1630695,26.0,16,3.3125,0.375,2.6875,0.25,5.0,,,,,73.33333333333333
203939,32.0,63,3.3015873015873014,1.3333333333333333,3.3968253968253967,0.4126984126984127,32.0,,,,,25.416666666666668
1626181,31.0,76,13.894736842105264,1.0789473684210529,2.5657894736842106,0.5657894736842105,66.0,,,,,30.384615384615383
1630554,24.0,7,1.7142857142857142,2.2857142857142856,2.4285714285714284,0.2857142857142857,2.0,,,,,71.5
1630563,21.0,2,1.0,0.0,0.5,0.0,4.0,,,,,63.333333333333336
1627752,30.0,78,8.935897435897436,1.5256410256410255,2.948717948717949,0.7435897435897436,73.0,,,,,27.7
1630202,26.0,82,9.597560975609756,3.426829268292683,3.231707317073171,0.4756097560975609,61.0,,,,,15.25
1641765,21.0,40,3.025,0.55,1.975,0.175,8.0,,,,,42.0
1630243,27.0,14,2.857142857142857,1.2857142857142858,1.4285714285714286,0.5,7.0,,,,,71.66666666666667
1629674,24.0,28,5.5,0.7142857142857143,4.357142857142857,0.4642857142857143,13.0,,,,,66.0
1630193,25.0,30,15.0,2.466666666666667,2.566666666666667,0.5333333333333333,31.0,,,,,22.166666666666668
1630193,25.0,38,18.57894736842105,6.7631578947368425,4.7894736842105265,0.8947368421052632,70.0,,,,,22.166666666666668
1630193,25.0,68,17.0,4.867647058823529,3.808823529411765,0.7352941176470589,101.0,,,,,22.166666666666668
1631311,23.0,37,4.4324324324324325,0.972972972972973,1.945945945945946,0.1621621621621621,17.0,,,,,61.5
1630186,23.0,7,6.714285714285714,1.1428571428571428,3.142857142857143,1.0,7.0,,,,,69.0
203944,29.0,46,23.956521739130434,4.978260869565218,9.195652173913045,0.5434782608695652,159.0,,,,,17.9
1641871,28.0,68,9.073529411764708,0.9852941176470588,3.676470588235294,0.4852941176470588,52.0,,,,,14.0
1630559,26.0,82,15.853658536585366,5.487804878048781,4.2926829268292686,0.8048780487804879,174.0,,,,,13.0
1629629,24.0,48,5.416666666666667,1.0,2.0625,0.9791666666666666,31.0,,,,,47.55555555555556
1630194,25.0,82,7.317073170731708,1.329268292682927,5.951219512195122,0.8170731707317073,67.0,,,,,28.25
1629675,24.0,81,13.45679012345679,1.308641975308642,5.222222222222222,0.7777777777777778,111.0,,,,,16.8
1631197,24.0,17,4.882352941176471,0.8235294117647058,1.9411764705882353,0.1764705882352941,7.0,,,,,66.5
1630208,26.0,67,9.73134328358209,0.8059701492537313,8.044776119402986,0.3880597014925373,73.0,,,,,32.0
1626196,30.0,43,9.883720930232558,2.441860465116279,2.813953488372093,0.5581395348837209,36.0,,,,,30.0
1629130,30.0,68,12.867647058823527,2.823529411764706,2.5441176470588234,0.6764705882352942,95.0,,,,,23.833333333333332
1629010,27.0,22,1.4090909090909092,0.2272727272727272,0.2727272727272727,0.0454545454545454,2.0,,,,,49.0
1629011,26.0,31,5.580645161290323,0.5806451612903226,8.483870967741936,1.1935483870967742,25.0,,,,,28.666666666666668
1631115,23.0,36,2.75,0.9444444444444444,2.3333333333333335,0.1944444444444444,18.0,,,,,48.5
1630526,23.0,39,2.948717948717949,0.5384615384615384,1.948717948717949,0.2564102564102564,16.0,,,,,38.333333333333336
1631223,23.0,48,8.395833333333334,1.5833333333333333,4.166666666666667,0.5208333333333334,54.0,,,,,32.0
1631223,23.0,17,1.2941176470588236,0.2352941176470588,0.6470588235294118,0.1176470588235294,3.0,,,,,32.0
1631223,23.0,65,6.538461538461538,1.2307692307692308,3.246153846153846,0.4153846153846154,57.0,,,,,32.0
1631157,21.0,10,4.1,1.1,1.1,0.8,7.0,,,,,72.5
1631157,21.0,3,1.0,1.0,0.6666666666666666,0.6666666666666666,1.0,,,,,72.5
1631157,21.0,13,3.3846153846153846,1.0769230769230769,1.0,0.7692307692307693,8.0,,,,,72.5
201565,35.0,24,7.958333333333333,3.25,1.875,0.3333333333333333,31.0,,,,,40.0
1626179,30.0,30,23.2,6.6,3.9,1.0666666666666669,65.0,,,,,21.818181818181817
1626179,30.0,31,16.419354838709676,4.645161290322581,4.193548387096774,1.0,41.0,,,,,21.818181818181817
1626179,30.0,61,19.75409836065574,5.60655737704918,4.049180327868853,1.0327868852459017,106.0,,,,,21.818181818181817
1641712,20.0,39,3.9743589743589745,1.5897435897435896,2.358974358974359,0.3076923076923077,31.0,,,,,43.0
1626156,28.0,76,18.013157894736842,6.342105263157895,3.1052631578947367,0.9078947368421052,156.0,,,,,29.153846153846153
1630346,27.0,28,5.428571428571429,0.6428571428571429,1.4285714285714286,0.2142857142857142,19.0,,,,,62.6
1627734,28.0,82,19.42682926829268,8.207317073170731,13.658536585365852,0.902439024390244,272.0,,,,,18.2
1629677,24.0,43,4.116279069767442,0.4418604651162791,2.372093023255814,0.1162790697674418,28.0,,,,,60.5
1631257,25.0,14,1.4285714285714286,0.2142857142857142,0.9285714285714286,0.0714285714285714,0.0,,,,,68.0
1641766,22.0,9,4.0,0.0,4.0,0.1111111111111111,5.0,,,,,73.0
1630611,22.0,23,3.5652173913043477,0.6086956521739131,2.130434782608696,0.1739130434782608,7.0,,,,,59.0
203967,30.0,64,8.046875,2.25,4.421875,0.484375,78.0,,,,,26.09090909090909
1630846,25.0,15,2.2666666666666666,0.1333333333333333,2.4,0.0,3.0,,,,,66.66666666666667
1631204,23.0,71,8.253521126760564,3.323943661971831,1.7605633802816902,0.6197183098591549,90.0,,,,,11.0
1629678,27.0,23,1.1304347826086956,0.3043478260869565,0.7391304347826086,0.0434782608695652,5.0,,,,,49.25
203471,30.0,51,13.68627450980392,6.137254901960785,2.7450980392156863,0.9019607843137256,83.0,,,,,21.2
203471,30.0,29,14.620689655172416,6.0344827586206895,3.5172413793103448,0.5862068965517241,70.0,,,,,21.2
203471,30.0,80,14.025,6.1,3.025,0.7875,153.0,,,,,21.2
1631220,24.0,6,2.3333333333333335,0.8333333333333334,1.1666666666666667,0.3333333333333333,0.0,,,,,76.5
1630578,21.0,63,21.126984126984127,4.9523809523809526,9.34920634920635,1.2063492063492065,162.0,,,,,12.0
1641729,20.0,32,7.53125,1.71875,3.1875,0.40625,47.0,,,,,50.0
1629012,25.0,78,18.692307692307693,4.910256410256411,2.628205128205128,0.7948717948717948,165.0,,,,,24.666666666666668
1629013,27.0,46,7.108695652173913,1.173913043478261,1.3478260869565215,0.5434782608695652,30.0,,,,,28.625
1630549,22.0,61,6.80327868852459,1.3934426229508197,6.377049180327869,0.3934426229508196,70.0,,,,,35.0
1631101,21.0,32,15.9375,2.9375,5.0,0.875,72.0,,,,,26.0
1641767,22.0,57,4.421052631578948,0.9298245614035088,1.5614035087719298,0.5789473684210527,15.0,,,,,25.0
1627783,30.0,39,22.17948717948718,4.871794871794871,6.3076923076923075,0.8205128205128205,83.0,,,,,18.9
1627783,30.0,41,21.26829268292683,3.707317073170732,7.780487804878049,0.7560975609756098,58.0,,,,,18.9
1627783,30.0,80,21.7125,4.275,7.0625,0.7875,141.0,,,,,18.9
1627732,27.0,15,6.133333333333334,5.733333333333333,7.933333333333334,0.8,27.0,,,,,26.666666666666668
1628424,26.0,4,5.0,3.0,1.75,1.5,1.0,,,,,71.5
1629014,25.0,46,22.58695652173913,5.543478260869565,3.630434782608696,0.5,126.0,,,,,28.833333333333332
1630285,27.0,7,6.0,3.5714285714285716,2.857142857142857,1.0,10.0,,,,,76.5
1630579,25.0,45,2.0444444444444443,0.5555555555555556,3.2666666666666666,0.1777777777777777,16.0,,,,,36.0
1631376,26.0,2,0.0,0.0,0.0,0.0,0.0,,,,,80.0
1641771,24.0,12,0.6666666666666666,0.1666666666666666,0.5833333333333334,0.0833333333333333,2.0,,,,,70.0
1630606,25.0,1,0.0,0.0,0.0,0.0,0.0,,,,,73.25
203935,30.0,20,14.45,4.3,2.65,2.05,62.0,,,,,21.9
1630696,26.0,9,4.333333333333333,1.5555555555555556,1.5555555555555556,1.0,5.0,,,,,72.25
202397,35.0,43,3.2325581395348837,3.372093023255814,1.7674418604651163,0.3953488372093023,47.0,,,,,38.80769230769231
1630188,24.0,61,9.852459016393444,1.0327868852459017,5.524590163934426,0.2786885245901639,44.0,,,,,39.0
1631173,21.0,16,3.25,0.75,0.25,0.5,7.0,,,,,66.0
1628372,26.0,56,6.589285714285714,3.625,2.9285714285714284,1.2142857142857142,68.0,,,,,45.45454545454545
1631095,21.0,76,13.736842105263158,1.5921052631578947,8.105263157894736,0.6842105263157895,89.0,,,,,4.5
1641733,20.0,51,5.921568627450981,1.156862745098039,1.411764705882353,0.196078431372549,39.0,,,,,31.0
1631110,21.0,74,11.635135135135137,3.364864864864865,6.4324324324324325,0.8378378378378378,140.0,,,,,17.0
1630311,27.0,6,0.6666666666666666,0.8333333333333334,0.6666666666666666,0.0,1.0,,,,,76.0
1630531,21.0,32,4.0,1.09375,1.8125,0.78125,26.0,,,,,58.8
1630531,21.0,17,2.0588235294117645,0.5294117647058824,1.1764705882352942,0.6470588235294118,8.0,,,,,58.8
1630531,21.0,49,3.326530612244898,0.8979591836734694,1.5918367346938775,0.7346938775510204,34.0,,,,,58.8
1630205,26.0,19,2.789473684210526,0.4210526315789473,1.631578947368421,0.3157894736842105,9.0,,,,,41.833333333333336
1630205,26.0,19,11.526315789473683,1.0526315789473684,5.052631578947368,0.8947368421052632,15.0,,,,,41.833333333333336
1630205,26.0,38,7.157894736842105,0.7368421052631579,3.3421052631578947,0.6052631578947368,24.0,,,,,41.833333333333336
1630191,23.0,46,10.934782608695652,1.5869565217391304,6.630434782608695,0.3695652173913043,66.0,,,,,23.25
1631124,22.0,50,4.54,0.94,1.22,0.34,23.0,,,,,32.0
1629622,28.0,70,12.185714285714283,4.042857142857143,4.828571428571428,0.9142857142857144,112.0,,,,,30.2
1630591,23.0,75,12.573333333333334,2.7333333333333334,3.0533333333333332,1.413333333333333,132.0,,,,,23.333333333333332
1631306,25.0,18,2.3333333333333335,0.2777777777777778,0.3888888888888889,0.0555555555555555,8.0,,,,,69.5
1630256,28.0,65,4.076923076923077,0.9846153846153848,3.0307692307692307,0.6461538461538462,37.0,,,,,21.0
1628369,26.0,74,26.85135135135135,4.918918918918919,8.121621621621621,1.0135135135135136,188.0,,,,,8.714285714285714
1630678,24.0,31,1.4838709677419355,0.3225806451612903,1.1935483870967742,0.1612903225806451,7.0,,,,,56.8
202066,38.0,27,3.259259259259259,1.037037037037037,1.6666666666666667,0.4444444444444444,14.0,,,,,42.5
1631207,21.0,59,3.0508474576271185,1.3728813559322033,1.9152542372881356,0.4576271186440678,32.0,,,,,33.5
1628464,32.0,1,2.0,0.0,0.0,0.0,0.0,,,,,40.07692307692308
1628464,32.0,59,6.338983050847458,1.0338983050847457,4.135593220338983,0.3559322033898305,42.0,,,,,40.07692307692308
1628464,32.0,60,6.266666666666667,1.0166666666666666,4.066666666666666,0.35,42.0,,,,,40.07692307692308
1630560,22.0,66,22.454545454545453,2.909090909090909,3.242424242424242,0.6818181818181818,124.0,,,,,18.666666666666668
202738,35.0,6,1.3333333333333333,0.5,0.0,0.0,0.0,,,,,46.36842105263158
1641708,21.0,62,9.548387096774194,2.629032258064516,6.596774193548387,1.2580645161290325,90.0,,,,,20.0
1641709,21.0,63,8.825396825396826,1.9047619047619049,6.380952380952381,1.0793650793650793,84.0,,,,,19.0
202691,34.0,77,17.857142857142858,2.2857142857142856,3.2987012987012987,0.6493506493506493,117.0,,,,,9.909090909090908
202684,33.0,49,3.2857142857142856,1.0408163265306123,3.5510204081632653,0.2448979591836734,29.0,,,,,26.266666666666666
1630550,21.0,63,3.1587301587301586,0.4603174603174603,2.3174603174603177,0.1746031746031746,15.0,,,,,27.0
1629680,27.0,65,5.446153846153846,1.3846153846153846,2.0923076923076924,1.7384615384615385,40.0,,,,,24.428571428571427
1630214,25.0,34,6.0,1.6764705882352942,4.617647058823529,1.2352941176470589,29.0,,,,,35.166666666666664
1630214,25.0,20,4.0,1.0,2.7,0.45,5.0,,,,,35.166666666666664
1630214,25.0,54,5.2592592592592595,1.4259259259259258,3.907407407407407,0.9444444444444444,34.0,,,,,35.166666666666664
1631210,24.0,9,1.4444444444444444,0.3333333333333333,0.7777777777777778,0.0,1.0,,,,,73.0
1630167,26.0,82,10.28048780487805,1.5609756097560976,3.902439024390244,0.573170731707317,69.0,,,,,11.25
1629308,31.0,11,0.6363636363636364,0.3636363636363636,1.2727272727272727,0.0909090909090909,2.0,,,,,45.714285714285715
1626157,28.0,62,21.758064516129032,3.0483870967741935,8.306451612903226,0.6935483870967742,177.0,,,,,18.333333333333332
1629018,25.0,71,13.71830985915493,1.676056338028169,2.647887323943662,1.0845070422535212,47.0,,,,,32.125
1631131,24.0,8,3.25,0.25,2.0,0.25,0.0,,,,,74.0
200782,39.0,3,2.0,0.0,4.666666666666667,1.0,2.0,,,,,26.894736842105264
200782,39.0,28,1.6428571428571428,0.5714285714285714,2.5357142857142856,0.4642857142857143,6.0,,,,,26.894736842105264
200782,39.0,31,1.6774193548387095,0.5161290322580645,2.7419354838709675,0.5161290322580645,8.0,,,,,26.894736842105264
1626167,28.0,77,17.051948051948052,1.2987012987012987,6.922077922077922,0.5064935064935064,109.0,,,,,18.666666666666668
1641816,24.0,18,1.1111111111111112,0.1111111111111111,0.5,0.0555555555555555,2.0,,,,,64.0
1630649,25.0,24,5.291666666666667,0.4583333333333333,2.125,0.3333333333333333,14.0,,,,,69.5
202685,32.0,82,12.21951219512195,2.1097560975609757,8.792682926829269,0.3902439024390244,111.0,,,,,17.357142857142858
1627832,30.0,73,17.397260273972602,8.068493150684931,3.808219178082192,1.3835616438356164,126.0,,,,,20.75
1629020,25.0,29,5.172413793103448,1.2413793103448276,4.758620689655173,1.2413793103448276,28.0,,,,,45.8
1630170,23.0,68,19.455882352941178,4.073529411764706,3.838235294117647,1.0735294117647058,108.0,,,,,22.25
1628426,28.0,42,5.357142857142857,0.4523809523809524,2.2857142857142856,0.4761904761904761,12.0,,,,,40.0
1629216,28.0,11,3.090909090909091,1.9090909090909092,0.8181818181818182,0.8181818181818182,5.0,,,,,40.8
202696,33.0,76,18.026315789473685,3.3421052631578947,10.539473684210526,0.6578947368421053,120.0,,,,,17.4
1641774,21.0,10,8.5,1.3,3.6,0.5,10.0,,,,,72.0
1629731,27.0,54,5.388888888888889,0.7962962962962963,4.037037037037037,0.7407407407407407,20.0,,,,,37.2
1630532,22.0,72,19.73611111111111,3.736111111111111,5.291666666666667,1.0555555555555556,137.0,,,,,5.0
1629021,27.0,80,10.85,1.2,4.3375,0.4875,97.0,,,,,40.0
1630688,29.0,7,2.857142857142857,0.0,1.2857142857142858,0.2857142857142857,1.0,,,,,56.6
1630688,29.0,4,0.75,0.25,1.25,0.5,1.0,,,,,56.6
1630688,29.0,11,2.090909090909091,0.0909090909090909,1.2727272727272727,0.3636363636363636,2.0,,,,,56.6
1631133,21.0,72,8.86111111111111,0.9861111111111112,7.055555555555555,0.5833333333333334,66.0,,,,,18.0
1641716,20.0,33,3.636363636363636,1.2121212121212122,1.9090909090909092,0.4545454545454545,17.0,,,,,49.0
1629022,25.0,58,9.741379310344827,1.2758620689655171,2.189655172413793,0.5517241379310345,51.0,,,,,28.333333333333332
1641717,20.0,82,6.841463414634147,1.4634146341463414,2.2804878048780486,0.926829268292683,45.0,,,,,0.0
1641775,20.0,9,1.6666666666666667,0.5555555555555556,2.2222222222222223,0.5555555555555556,3.0,,,,,73.0
203933,30.0,11,3.727272727272727,0.8181818181818182,2.0,0.3636363636363636,4.0,,,,,43.18181818181818
1629023,25.0,44,13.636363636363637,2.2045454545454546,5.2727272727272725,0.8636363636363636,66.0,,,,,24.0
1629023,25.0,29,11.689655172413794,1.5172413793103448,6.172413793103448,1.1724137931034482,30.0,,,,,24.0
1629023,25.0,73,12.863013698630136,1.9315068493150684,5.63013698630137,0.9863013698630136,96.0,,,,,24.0
1631102,22.0,11,1.2727272727272727,0.4545454545454545,0.4545454545454545,0.2727272727272727,2.0,,,,,61.0
1629139,29.0,29,3.586206896551724,0.3448275862068966,1.5517241379310345,0.3103448275862069,16.0,,,,,51.125
1629139,29.0,5,2.6,1.0,1.8,0.6,3.0,,,,,51.125
1629139,29.0,34,3.4411764705882355,0.4411764705882353,1.588235294117647,0.3529411764705882,19.0,,,,,51.125
1630322,26.0,38,3.6052631578947367,0.631578947368421,1.0526315789473684,0.131578947368421,7.0,,,,,47.333333333333336
1630570,23.0,63,6.857142857142857,1.2857142857142858,3.0793650793650795,0.365079365079365,63.0,,,,,24.333333333333332
1631212,21.0,80,6.65,1.075,3.225,0.525,58.0,,,,,30.5
1641705,20.0,71,21.43661971830986,3.859154929577465,10.633802816901408,1.2394366197183098,260.0,,,,,11.0
1631104,21.0,61,4.39344262295082,2.721311475409836,1.540983606557377,0.4754098360655737,55.0,,,,,33.0
201566,35.0,68,11.088235294117649,4.5,5.044117647058823,1.088235294117647,144.0,,,,,13.38888888888889
1629632,24.0,79,19.10126582278481,5.1265822784810124,4.531645569620253,0.6708860759493671,166.0,,,,,12.4
1628401,29.0,73,15.164383561643836,5.164383561643835,4.2465753424657535,1.0136986301369864,112.0,,,,,27.22222222222222
1631298,26.0,4,1.5,0.25,3.0,1.0,2.0,,,,,71.5
1641727,19.0,2,1.5,1.5,2.0,0.0,0.0,,,,,80.0
1641715,19.0,47,12.319148936170214,0.7021276595744681,3.8297872340425534,0.6382978723404256,46.0,,,,,35.0
1630598,25.0,78,6.948717948717949,1.1025641025641026,2.3846153846153846,0.717948717948718,56.0,,,,,16.0
203952,29.0,71,13.225352112676056,1.676056338028169,4.52112676056338,0.5915492957746479,87.0,,,,,18.666666666666668
1629623,26.0,3,2.0,0.0,0.0,0.0,1.0,,,,,72.33333333333333
1631214,25.0,7,0.7142857142857143,0.0,0.1428571428571428,0.0,2.0,,,,,78.0
1630314,24.0,17,3.176470588235294,1.0,0.7647058823529411,0.0588235294117647,7.0,,,,,61.5
1629684,25.0,47,8.127659574468085,1.7234042553191489,3.595744680851064,0.5106382978723404,53.0,,,,,19.142857142857142
1629684,25.0,29,13.862068965517242,3.206896551724138,5.137931034482759,0.6896551724137931,56.0,,,,,19.142857142857142
1629684,25.0,76,10.31578947368421,2.289473684210526,4.184210526315789,0.5789473684210527,109.0,,,,,19.142857142857142
1631114,23.0,71,19.08450704225352,4.535211267605634,3.971830985915493,1.1267605633802815,123.0,,,,,9.0
1631119,22.0,69,4.0,1.5942028985507246,3.391304347826087,0.4057971014492754,34.0,,,,,23.0
1629026,29.0,69,4.7101449275362315,1.3478260869565215,3.028985507246377,0.5507246376811594,32.0,,,,,28.333333333333332
1642013,25.0,7,2.7142857142857144,0.2857142857142857,5.428571428571429,0.4285714285714285,3.0,,,,,75.0
1631109,22.0,19,12.736842105263158,1.1578947368421053,9.68421052631579,0.8421052631578947,17.0,,,,,51.0
1631466,25.0,22,2.863636363636364,0.3181818181818182,1.0454545454545454,0.1818181818181818,4.0,,,,,68.5
1630172,22.0,43,9.976744186046512,1.5348837209302326,3.86046511627907,0.9302325581395348,57.0,,,,,28.75
1630533,22.0,51,8.235294117647058,1.4705882352941178,3.5294117647058822,0.7058823529411765,66.0,,,,,32.0
1629057,26.0,6,6.833333333333333,0.8333333333333334,6.333333333333333,1.1666666666666667,7.0,,,,,46.166666666666664
1631246,23.0,52,10.01923076923077,3.3653846153846154,5.576923076923077,0.903846153846154,92.0,,,,,48.5
1629627,23.0,70,22.87142857142857,5.0285714285714285,5.8,1.1,193.0,,,,,36.0
1628391,28.0,2,5.0,1.0,1.0,0.0,0.0,,,,,59.125
1630592,23.0,43,4.976744186046512,1.0465116279069768,3.046511627906977,0.2558139534883721,19.0,,,,,39.0
1629685,27.0,3,1.0,0.3333333333333333,0.3333333333333333,0.0,0.0,,,,,65.14285714285714
1629685,27.0,8,1.5,0.75,0.375,0.0,0.0,,,,,65.14285714285714
1629685,27.0,6,4.666666666666667,0.5,2.0,0.3333333333333333,2.0,,,,,65.14285714285714
1629685,27.0,17,2.5294117647058822,0.5882352941176471,0.9411764705882352,0.1176470588235294,2.0,,,,,65.14285714285714
1630164,23.0,63,7.079365079365079,0.8571428571428571,5.333333333333333,0.1904761904761904,66.0,,,,,43.6
1631209,23.0,1,2.0,0.0,0.0,0.0,0.0,,,,,81.0
1626174,28.0,50,6.94,0.98,5.08,0.32,50.0,,,,,46.0
1626153,32.0,33,4.0606060606060606,2.484848484848485,1.7878787878787878,1.0606060606060606,11.0,,,,,35.8
1626153,32.0,14,5.428571428571429,2.642857142857143,1.9285714285714288,1.3571428571428572,3.0,,,,,35.8
1626153,32.0,47,4.468085106382978,2.5319148936170213,1.8297872340425532,1.148936170212766,14.0,,,,,35.8
201152,36.0,23,4.956521739130435,2.1739130434782608,3.260869565217391,0.782608695652174,11.0,,,,,24.043478260869566
201152,36.0,10,2.3,0.7,2.8,0.5,4.0,,,,,24.043478260869566
201152,36.0,33,4.151515151515151,1.7272727272727273,3.121212121212121,0.696969696969697,15.0,,,,,24.043478260869566
1629027,25.0,54,25.72222222222222,10.796296296296296,2.759259259259259,1.3333333333333333,235.0,,,,,14.166666666666666
1630209,26.0,48,4.625,0.6041666666666666,4.333333333333333,0.1666666666666666,37.0,,,,,44.333333333333336
203469,31.0,43,1.7674418604651163,0.9069767441860463,2.604651162790698,0.2093023255813953,16.0,,,,,31.818181818181817
1627826,27.0,68,11.676470588235292,1.3676470588235294,9.205882352941176,0.3235294117647059,79.0,,,,,25.7
